{"pitch": [-2.918054516357174, 11.395247749029068, 207.62949047844967, 46.75944537657817], "energy": [-1.431045413017273, 8.184186935424805, 37.32505984850271, 26.04335453053797]}