{"pitch": [-3.4561580567127383, 7.482216244208331, 251.07089174311034, 50.912807579223376], "energy": [-1.704400658607483, 5.884948253631592, 48.30047242998223, 28.289452771759883]}